{"pf6": 704.5286705, "bmim": 673.1595919, "bf4": 527.238743, "tf2n": 753.5786796, "otf": 614.8136999, "hmim": 608.3262611, "omim": 559.5062648, "emim": 791.0929103, "dca": 353.8668}
